,sppp,total_positivity,braak_score,cerad_score,age,mmse,tau_tangles
sppp,1.0,0.27772367738212905,0.9555414958406825,0.18172748539883882,0.03398150828273062,0.017522410578162242,-0.05411988999185159
total_positivity,0.27772367738212905,1.0,0.29907262083467634,0.8779697617422905,0.060470982525824446,-0.031422721481930246,0.008950709050134351
braak_score,0.9555414958406825,0.29907262083467634,1.0,0.19157353178042194,0.03213606015490524,0.01842503684664841,-0.05755583973230862
cerad_score,0.18172748539883882,0.8779697617422905,0.19157353178042194,1.0,0.03202132053870483,-0.020265287452047604,-0.018490761890165772
age,0.03398150828273062,0.060470982525824446,0.03213606015490524,0.03202132053870483,1.0,0.0026161641451359547,0.0014007705815457189
mmse,0.017522410578162242,-0.031422721481930246,0.01842503684664841,-0.020265287452047604,0.0026161641451359547,1.0,-0.012595055406449895
tau_tangles,-0.05411988999185159,0.008950709050134351,-0.05755583973230862,-0.018490761890165772,0.0014007705815457189,-0.012595055406449895,1.0
