,sppp,positivity_rate,strong_ratio,processing_time,total_pixels
sppp,1.0,0.2474633555415755,0.6496637395600126,0.12298074124466839,-0.01448143644808355
positivity_rate,0.2474633555415755,1.0,0.13694644908800763,0.16921807553249216,0.15318169930859724
strong_ratio,0.6496637395600126,0.13694644908800763,1.0,0.03806167449595461,-0.02203864123250451
processing_time,0.12298074124466839,0.16921807553249216,0.03806167449595461,1.0,0.38760877423588685
total_pixels,-0.01448143644808355,0.15318169930859724,-0.02203864123250451,0.38760877423588685,1.0
