region,n,sppp_mean,sppp_std,pos_rate_mean,strong_ratio_mean
temporal,1472,0.17887139032048557,1.6841865595745782,8.921563664148145,0.8815376435888133
